job,gpus,batch,seq,kv_heads,layout,joint,scope,arm,gpu_ms,speedup,peak_allocated_increment_MiB,graph_reserved_increment_MiB,max_abs_error
9700050,4,1,1024,4,projection_view,none,pre_attention,baseline,0.1376512050628662,1.0,2.25,,0
9700050,4,1,1024,4,projection_view,none,pre_attention,coalesced,0.08097280189394951,1.6999684072084933,2.5,,0.0
9700050,4,1,1024,4,projection_view,none,pre_plus_attention,baseline,0.26437118649482727,1.0,16.1259765625,,0
9700050,4,1,1024,4,projection_view,none,pre_plus_attention,coalesced,0.1582079976797104,1.6710355378496262,16.1259765625,,0.0
9700050,4,1,1024,4,projection_view,none,graph_pre_plus_attention,baseline,0.14389759302139282,1.0,16.126953125,26.0,0.0
9700050,4,1,1024,4,projection_view,none,graph_pre_plus_attention,coalesced,0.15741439908742905,0.9141323402154025,16.126953125,24.0,0.0
9700050,4,1,1024,4,contiguous,none,pre_attention,baseline,0.10680319741368294,1.0,2.0,,0
9700050,4,1,1024,4,contiguous,none,pre_attention,coalesced,0.07884800061583519,1.3545454111645978,2.5,,0.0
9700050,4,1,1024,4,contiguous,none,pre_plus_attention,baseline,0.19968000799417496,1.0,16.1259765625,,0
9700050,4,1,1024,4,contiguous,none,pre_plus_attention,coalesced,0.16721919178962708,1.1941213556718164,16.1259765625,,0.0
9700050,4,1,1024,4,contiguous,none,graph_pre_plus_attention,coalesced,0.14904320240020752,0.8679148020619628,16.126953125,22.0,0.0
9700050,4,1,1024,4,contiguous,none,graph_pre_plus_attention,baseline,0.12935680150985718,1.0,16.126953125,24.0,0.0
9700050,4,1,1024,32,projection_view,none,pre_attention,baseline,0.2065408006310463,1.0,18.0,,0
9700050,4,1,1024,32,projection_view,none,pre_attention,coalesced,0.15969279408454895,1.2933633093155963,20.0,,0.0
9700050,4,1,1024,32,projection_view,none,pre_plus_attention,baseline,0.2393599972128868,1.0,30.1259765625,,0
9700050,4,1,1024,32,projection_view,none,pre_plus_attention,coalesced,0.1981183961033821,1.2081664394657425,30.1259765625,,0.0
9700050,4,1,1024,32,projection_view,none,graph_pre_plus_attention,baseline,0.24647679924964905,1.0,30.126953125,36.0,0.0
9700050,4,1,1024,32,projection_view,none,graph_pre_plus_attention,coalesced,0.1968383938074112,1.252178472309648,30.126953125,36.0,0.0
9700050,4,1,1024,32,contiguous,none,pre_attention,baseline,0.15700480341911316,1.0,16.0,,0
9700050,4,1,1024,32,contiguous,none,pre_attention,coalesced,0.1264127939939499,1.2420008961009705,20.0,,0.0
9700050,4,1,1024,32,contiguous,none,pre_plus_attention,baseline,0.2231552004814148,1.0,30.1259765625,,0
9700050,4,1,1024,32,contiguous,none,pre_plus_attention,coalesced,0.1856256052851677,1.2021789781565544,30.1259765625,,0.0
9700050,4,1,1024,32,contiguous,none,graph_pre_plus_attention,coalesced,0.18519040942192078,1.1780480849648347,30.126953125,36.0,0.0
9700050,4,1,1024,32,contiguous,none,graph_pre_plus_attention,baseline,0.21816320717334747,1.0,30.126953125,36.0,0.0
9700050,4,1,4096,4,projection_view,none,pre_attention,baseline,0.14187519997358322,1.0,9.0,,0
9700050,4,1,4096,4,projection_view,none,pre_attention,coalesced,0.08944640308618546,1.5861476267176486,10.0,,0.0
9700050,4,1,4096,4,projection_view,none,pre_plus_attention,baseline,0.5882880091667175,1.0,16.1259765625,,0
9700050,4,1,4096,4,projection_view,none,pre_plus_attention,coalesced,0.534246414899826,1.101154809390765,16.1259765625,,0.0
9700050,4,1,4096,4,projection_view,none,graph_pre_plus_attention,baseline,0.5875712037086487,1.0,16.126953125,24.0,0.0
9700050,4,1,4096,4,projection_view,none,graph_pre_plus_attention,coalesced,0.5318143963813782,1.1048426061924164,16.126953125,24.0,0.0
9700050,4,1,4096,4,contiguous,none,pre_attention,baseline,0.12874239683151245,1.0,8.0,,0
9700050,4,1,4096,4,contiguous,none,pre_attention,coalesced,0.08302079886198044,1.5507246207729557,10.0,,0.0
9700050,4,1,4096,4,contiguous,none,pre_plus_attention,baseline,0.572185605764389,1.0,16.1259765625,,0
9700050,4,1,4096,4,contiguous,none,pre_plus_attention,coalesced,0.5647872090339661,1.013099441014391,16.1259765625,,0.0
9700050,4,1,4096,4,contiguous,none,graph_pre_plus_attention,coalesced,0.5249792039394379,1.090993273548074,16.126953125,24.0,0.0
9700050,4,1,4096,4,contiguous,none,graph_pre_plus_attention,baseline,0.5727487802505493,1.0,16.126953125,24.0,0.0
9700050,4,1,4096,32,projection_view,none,pre_attention,baseline,0.4017920047044754,1.0,72.0,,0
9700050,4,1,4096,32,projection_view,none,pre_attention,coalesced,0.3875328004360199,1.0367948319533526,80.0,,0.0
9700050,4,1,4096,32,projection_view,none,pre_plus_attention,baseline,0.833459198474884,1.0,72.1259765625,,0
9700050,4,1,4096,32,projection_view,none,pre_plus_attention,coalesced,0.824652761220932,1.010678964126566,80.0,,0.0
9700050,4,1,4096,32,projection_view,none,graph_pre_plus_attention,baseline,0.8327423632144928,1.0,72.126953125,88.0,0.0
9700050,4,1,4096,32,projection_view,none,graph_pre_plus_attention,coalesced,0.8263680040836334,1.007713705152377,80.0009765625,84.0,0.0
9700050,4,1,4096,32,contiguous,none,pre_attention,baseline,0.3585279881954193,1.0,64.0,,0
9700050,4,1,4096,32,contiguous,none,pre_attention,coalesced,0.35207679867744446,1.0183232452186806,80.0,,0.0
9700050,4,1,4096,32,contiguous,none,pre_plus_attention,baseline,0.790041595697403,1.0,72.1259765625,,0
9700050,4,1,4096,32,contiguous,none,pre_plus_attention,coalesced,0.7782143652439117,1.0151979081622122,80.0,,0.0
9700050,4,1,4096,32,contiguous,none,graph_pre_plus_attention,coalesced,0.7771135568618774,1.0154170925436665,80.0009765625,84.0,0.0
9700050,4,1,4096,32,contiguous,none,graph_pre_plus_attention,baseline,0.7890943884849548,1.0,72.126953125,88.0,0.0
9700050,4,1,16384,4,projection_view,none,pre_attention,baseline,0.2586624026298523,1.0,36.0,,0
9700050,4,1,16384,4,projection_view,none,pre_attention,coalesced,0.21465599536895752,1.2050089827924684,40.0,,0.0
9700050,4,1,16384,4,projection_view,none,pre_plus_attention,baseline,5.7582337856292725,1.0,64.5009765625,,0
9700050,4,1,16384,4,projection_view,none,pre_plus_attention,coalesced,5.691033601760864,1.011808080670551,64.5009765625,,0.0
9700050,4,1,16384,4,projection_view,none,graph_pre_plus_attention,baseline,5.769318580627441,1.0,64.501953125,72.0,0.0
9700050,4,1,16384,4,projection_view,none,graph_pre_plus_attention,coalesced,5.700710296630859,1.0120350413240837,64.501953125,88.0,0.0
9700050,4,1,16384,4,contiguous,none,pre_attention,baseline,0.23923200368881226,1.0,32.0,,0
9700050,4,1,16384,4,contiguous,none,pre_attention,coalesced,0.19484160840511322,1.2278281094426344,40.0,,0.0
9700050,4,1,16384,4,contiguous,none,pre_plus_attention,baseline,5.753522872924805,1.0,64.5009765625,,0
9700050,4,1,16384,4,contiguous,none,pre_plus_attention,coalesced,5.694566488265991,1.0103530944419206,64.5009765625,,0.0
9700050,4,1,16384,4,contiguous,none,graph_pre_plus_attention,coalesced,5.688115119934082,1.010405452599674,64.501953125,88.0,0.0
9700050,4,1,16384,4,contiguous,none,graph_pre_plus_attention,baseline,5.747302532196045,1.0,64.501953125,68.0,0.0
9700050,4,1,16384,32,projection_view,none,pre_attention,baseline,1.3253119587898254,1.0,288.0,,0
9700050,4,1,16384,32,projection_view,none,pre_attention,coalesced,1.3664767742156982,0.9698752176380753,320.0,,0.0
9700050,4,1,16384,32,projection_view,none,pre_plus_attention,baseline,6.711245059967041,1.0,288.5009765625,,0
9700050,4,1,16384,32,projection_view,none,pre_plus_attention,coalesced,6.747571229934692,0.9946164080778436,320.0,,0.0
9700050,4,1,16384,32,projection_view,none,graph_pre_plus_attention,baseline,6.720077037811279,1.0,288.501953125,292.0,0.0
9700050,4,1,16384,32,projection_view,none,graph_pre_plus_attention,coalesced,6.763853073120117,0.9935279440822264,320.0009765625,324.0,0.0
9700050,4,1,16384,32,contiguous,none,pre_attention,baseline,1.1776256561279297,1.0,256.0,,0
9700050,4,1,16384,32,contiguous,none,pre_attention,coalesced,1.2408064007759094,0.9490809004462976,320.0,,0.0
9700050,4,1,16384,32,contiguous,none,pre_plus_attention,baseline,6.558361530303955,1.0,288.5009765625,,0
9700050,4,1,16384,32,contiguous,none,pre_plus_attention,coalesced,6.654156923294067,0.9856036769053698,320.0,,0.0
9700050,4,1,16384,32,contiguous,none,graph_pre_plus_attention,coalesced,6.609126091003418,0.9952628153042689,320.0009765625,324.0,0.0
9700050,4,1,16384,32,contiguous,none,graph_pre_plus_attention,baseline,6.577817440032959,1.0,288.501953125,292.0,0.0
9700050,4,2,1024,4,projection_view,none,pre_attention,baseline,0.15987199544906616,1.0,6.0,,0
9700050,4,2,1024,4,projection_view,none,pre_attention,coalesced,0.07720959931612015,2.0706233015729096,5.0,,0.0
9700050,4,2,1024,4,projection_view,none,pre_plus_attention,baseline,0.23644159734249115,1.0,8.0634765625,,0
9700050,4,2,1024,4,projection_view,none,pre_plus_attention,coalesced,0.20930559933185577,1.1296477404200307,8.0634765625,,0.0
9700050,4,2,1024,4,projection_view,none,graph_pre_plus_attention,baseline,0.21350400149822235,1.0,8.064453125,24.0,0.0
9700050,4,2,1024,4,projection_view,none,graph_pre_plus_attention,coalesced,0.1555200070142746,1.3728394538885638,8.064453125,24.0,0.0
9700050,4,2,1024,4,contiguous,none,pre_attention,baseline,0.18063360452651978,1.0,6.0,,0
9700050,4,2,1024,4,contiguous,none,pre_attention,coalesced,0.07738880440592766,2.3341051191208737,5.0,,0.0
9700050,4,2,1024,4,contiguous,none,pre_plus_attention,baseline,0.21368319541215897,1.0,8.0634765625,,0
9700050,4,2,1024,4,contiguous,none,pre_plus_attention,coalesced,0.15674880146980286,1.36322060142402,8.0634765625,,0.0
9700050,4,2,1024,4,contiguous,none,graph_pre_plus_attention,coalesced,0.15723519772291183,1.278085303413597,8.064453125,22.0,0.0
9700050,4,2,1024,4,contiguous,none,graph_pre_plus_attention,baseline,0.20095999538898468,1.0,8.064453125,22.0,0.0
9700050,4,2,1024,32,projection_view,none,pre_attention,baseline,0.34337279200553894,1.0,48.0,,0
9700050,4,2,1024,32,projection_view,none,pre_attention,coalesced,0.21468159556388855,1.599451462542127,40.0,,0.0
9700050,4,2,1024,32,projection_view,none,pre_plus_attention,baseline,0.4245503842830658,1.0,48.0,,0
9700050,4,2,1024,32,projection_view,none,pre_plus_attention,coalesced,0.2960895895957947,1.433857856544834,40.0,,0.0
9700050,4,2,1024,32,projection_view,none,graph_pre_plus_attention,baseline,0.4226047992706299,1.0,48.0009765625,56.0,0.0
9700050,4,2,1024,32,projection_view,none,graph_pre_plus_attention,coalesced,0.29329919815063477,1.4408658528059985,40.0009765625,56.0,0.0
9700050,4,2,1024,32,contiguous,none,pre_attention,baseline,0.31833600997924805,1.0,48.0,,0
9700050,4,2,1024,32,contiguous,none,pre_attention,coalesced,0.21534720063209534,1.478245405767319,40.0,,0.0
9700050,4,2,1024,32,contiguous,none,pre_plus_attention,baseline,0.41244158148765564,1.0,48.0,,0
9700050,4,2,1024,32,contiguous,none,pre_plus_attention,coalesced,0.29532158374786377,1.3965846188871356,40.0,,0.0
9700050,4,2,1024,32,contiguous,none,graph_pre_plus_attention,coalesced,0.29440000653266907,1.3453912440495321,40.0009765625,56.0,0.0
9700050,4,2,1024,32,contiguous,none,graph_pre_plus_attention,baseline,0.39608319103717804,1.0,48.0009765625,52.0,0.0
9700050,4,2,4096,4,projection_view,none,pre_attention,baseline,0.21975038945674896,1.0,24.0,,0
9700050,4,2,4096,4,projection_view,none,pre_attention,coalesced,0.13926400244235992,1.5779410730903098,20.0,,0.0
9700050,4,2,4096,4,projection_view,none,pre_plus_attention,baseline,0.9232895970344543,1.0,32.2509765625,,0
9700050,4,2,4096,4,projection_view,none,pre_plus_attention,coalesced,0.8412927687168121,1.0974652717420934,32.2509765625,,0.0
9700050,4,2,4096,4,projection_view,none,graph_pre_plus_attention,baseline,0.9171711802482605,1.0,32.251953125,60.0,0.0
9700050,4,2,4096,4,projection_view,none,graph_pre_plus_attention,coalesced,0.8400895893573761,1.0917540127474352,32.251953125,40.0,0.0
9700050,4,2,4096,4,contiguous,none,pre_attention,baseline,0.2009856030344963,1.0,24.0,,0
9700050,4,2,4096,4,contiguous,none,pre_attention,coalesced,0.14046719670295715,1.430836577877439,20.0,,0.0
9700050,4,2,4096,4,contiguous,none,pre_plus_attention,baseline,0.907263994216919,1.0,32.2509765625,,0
9700050,4,2,4096,4,contiguous,none,pre_plus_attention,coalesced,0.8412671983242035,1.0784492679902182,32.2509765625,,0.0
9700050,4,2,4096,4,contiguous,none,graph_pre_plus_attention,coalesced,0.8405503630638123,1.0712676378935186,32.251953125,40.0,0.0
9700050,4,2,4096,4,contiguous,none,graph_pre_plus_attention,baseline,0.9004544019699097,1.0,32.251953125,60.0,0.0
9700050,4,2,4096,32,projection_view,none,pre_attention,baseline,1.0287871956825256,1.0,192.0,,0
9700050,4,2,4096,32,projection_view,none,pre_attention,coalesced,0.712448000907898,1.4440172396743416,160.0,,0.0
9700050,4,2,4096,32,projection_view,none,pre_plus_attention,baseline,1.725926399230957,1.0,192.0,,0
9700050,4,2,4096,32,projection_view,none,pre_plus_attention,coalesced,1.4130431413650513,1.2214251275892745,160.0,,0.0
9700050,4,2,4096,32,projection_view,none,graph_pre_plus_attention,baseline,1.7231360077857971,1.0,192.0009765625,212.0,0.0
9700050,4,2,4096,32,projection_view,none,graph_pre_plus_attention,coalesced,1.409177541732788,1.2227955362295595,160.0009765625,164.0,0.0
9700050,4,2,4096,32,contiguous,none,pre_attention,baseline,0.9502719938755035,1.0,192.0,,0
9700050,4,2,4096,32,contiguous,none,pre_attention,coalesced,0.7124224007129669,1.3338603515618055,160.0,,0.0
9700050,4,2,4096,32,contiguous,none,pre_plus_attention,baseline,1.6485887169837952,1.0,192.0,,0
9700050,4,2,4096,32,contiguous,none,pre_plus_attention,coalesced,1.4111999869346619,1.1682176390638843,160.0,,0.0
9700050,4,2,4096,32,contiguous,none,graph_pre_plus_attention,coalesced,1.412992000579834,1.1631669725798521,160.0009765625,164.0,0.0
9700050,4,2,4096,32,contiguous,none,graph_pre_plus_attention,baseline,1.6435456275939941,1.0,192.0009765625,196.0,0.0
9700050,4,2,16384,4,projection_view,none,pre_attention,baseline,0.5580288171768188,1.0,96.0,,0
9700050,4,2,16384,4,projection_view,none,pre_attention,coalesced,0.3894015997648239,1.433041922564869,80.0,,0.0
9700050,4,2,16384,4,projection_view,none,pre_plus_attention,baseline,11.133747100830078,1.0,129.0009765625,,0
9700050,4,2,16384,4,projection_view,none,pre_plus_attention,coalesced,10.927180767059326,1.018903900116072,129.0009765625,,0.0
9700050,4,2,16384,4,projection_view,none,graph_pre_plus_attention,baseline,11.113471984863281,1.0,129.001953125,184.0,0.0
9700050,4,2,16384,4,projection_view,none,graph_pre_plus_attention,coalesced,10.921369552612305,1.0175895917930025,129.001953125,148.0,0.0
9700050,4,2,16384,4,contiguous,none,pre_attention,baseline,0.5158143937587738,1.0,96.0,,0
9700050,4,2,16384,4,contiguous,none,pre_attention,coalesced,0.38983680307865143,1.3231546885395165,80.0,,0.0
9700050,4,2,16384,4,contiguous,none,pre_plus_attention,baseline,11.107097625732422,1.0,129.0009765625,,0
9700050,4,2,16384,4,contiguous,none,pre_plus_attention,coalesced,10.936729907989502,1.0155775738430244,129.0009765625,,0.0
9700050,4,2,16384,4,contiguous,none,graph_pre_plus_attention,coalesced,10.949862957000732,1.010352329587698,129.001953125,148.0,0.0
9700050,4,2,16384,4,contiguous,none,graph_pre_plus_attention,baseline,11.063219547271729,1.0,129.001953125,164.0,0.0
9700050,4,2,16384,32,projection_view,none,pre_attention,baseline,3.7140225172042847,1.0,768.0,,0
9700050,4,2,16384,32,projection_view,none,pre_attention,coalesced,2.6483712196350098,1.4023798815168138,640.0,,0.0
9700050,4,2,16384,32,projection_view,none,pre_plus_attention,baseline,14.013926029205322,1.0,768.0,,0
9700050,4,2,16384,32,projection_view,none,pre_plus_attention,coalesced,13.028172969818115,1.0756631848280542,640.0,,0.0
9700050,4,2,16384,32,projection_view,none,graph_pre_plus_attention,baseline,14.004736423492432,1.0,768.0009765625,836.0,0.0
9700050,4,2,16384,32,projection_view,none,graph_pre_plus_attention,coalesced,13.043354034423828,1.073706685146423,640.0009765625,644.0,0.0
9700050,4,2,16384,32,contiguous,none,pre_attention,baseline,3.4213374853134155,1.0,768.0,,0
9700050,4,2,16384,32,contiguous,none,pre_attention,coalesced,2.6438400745391846,1.2940788356533808,640.0,,0.0
9700050,4,2,16384,32,contiguous,none,pre_plus_attention,baseline,13.742899417877197,1.0,768.0,,0
9700050,4,2,16384,32,contiguous,none,pre_plus_attention,coalesced,13.026918411254883,1.0549616558589734,640.0,,0.0
9700050,4,2,16384,32,contiguous,none,graph_pre_plus_attention,coalesced,13.032703399658203,1.0566777015289284,640.0009765625,644.0,0.0
9700050,4,2,16384,32,contiguous,none,graph_pre_plus_attention,baseline,13.771367073059082,1.0,768.0009765625,772.0,0.0
9700050,4,1,4096,4,contiguous,front,pre_attention,baseline,0.17085439711809158,1.0,24.171875,,0
9700050,4,1,4096,4,contiguous,front,pre_attention,coalesced,0.1542656049132347,1.1075339652943836,24.171875,,0.0
9700050,4,1,4096,4,contiguous,front,pre_plus_attention,baseline,0.639411211013794,1.0,24.4248046875,,0
9700050,4,1,4096,4,contiguous,front,pre_plus_attention,coalesced,0.6240768134593964,1.024571330361395,24.4248046875,,0.0
9700050,4,1,4096,4,contiguous,front,graph_pre_plus_attention,baseline,0.6329855918884277,1.0,24.42578125,42.0,0.0
9700050,4,1,4096,4,contiguous,front,graph_pre_plus_attention,coalesced,0.623257577419281,1.015608337261502,24.42578125,42.0,0.0
9700050,4,1,4096,4,contiguous,rear,pre_attention,baseline,0.17067520320415497,1.0,24.171875,,0
9700050,4,1,4096,4,contiguous,rear,pre_attention,coalesced,0.15014399588108063,1.1367434455343508,24.171875,,0.0
9700050,4,1,4096,4,contiguous,rear,pre_plus_attention,baseline,0.6339071989059448,1.0,24.4248046875,,0
9700050,4,1,4096,4,contiguous,rear,pre_plus_attention,coalesced,0.6137600243091583,1.0328258175814953,24.4248046875,,0.0
9700050,4,1,4096,4,contiguous,rear,graph_pre_plus_attention,coalesced,0.6116608083248138,1.0280835089535236,24.42578125,42.0,0.0
9700050,4,1,4096,4,contiguous,rear,graph_pre_plus_attention,baseline,0.6288383901119232,1.0,24.42578125,42.0,0.0
9700051,8,1,1024,4,projection_view,none,pre_attention,baseline,0.13703680038452148,1.0,2.125,,0
9700051,8,1,1024,4,projection_view,none,pre_attention,coalesced,0.07872000336647034,1.7408129385686784,2.25,,0.0
9700051,8,1,1024,4,projection_view,none,pre_plus_attention,baseline,0.27837439626455307,1.0,9.0634765625,,0
9700051,8,1,1024,4,projection_view,none,pre_plus_attention,coalesced,0.14766079932451248,1.8852288321477442,9.0634765625,,0.0
9700051,8,1,1024,4,projection_view,none,graph_pre_plus_attention,baseline,0.12341759726405144,1.0,9.064453125,26.0,0.0
9700051,8,1,1024,4,projection_view,none,graph_pre_plus_attention,coalesced,0.09471999853849411,1.3029729641929275,9.064453125,24.0,0.0
9700051,8,1,1024,4,contiguous,none,pre_attention,baseline,0.1534976027905941,1.0,2.0,,0
9700051,8,1,1024,4,contiguous,none,pre_attention,coalesced,0.07726079970598221,1.9867462332092451,2.25,,0.0
9700051,8,1,1024,4,contiguous,none,pre_plus_attention,baseline,0.19409919530153275,1.0,9.0634765625,,0
9700051,8,1,1024,4,contiguous,none,pre_plus_attention,coalesced,0.14850559830665588,1.3070160149836816,9.0634765625,,0.0
9700051,8,1,1024,4,contiguous,none,graph_pre_plus_attention,coalesced,0.08944639936089516,1.1788780656531275,9.064453125,22.0,0.0
9700051,8,1,1024,4,contiguous,none,graph_pre_plus_attention,baseline,0.10544639825820923,1.0,9.064453125,24.0,0.0
9700051,8,1,1024,32,projection_view,none,pre_attention,baseline,0.1894143968820572,1.0,18.0,,0
9700051,8,1,1024,32,projection_view,none,pre_attention,coalesced,0.15185919404029846,1.2473027930847098,18.0,,0.0
9700051,8,1,1024,32,projection_view,none,pre_plus_attention,baseline,0.22095359861850739,1.0,24.0634765625,,0
9700051,8,1,1024,32,projection_view,none,pre_plus_attention,coalesced,0.19427840411663055,1.1373039614112899,23.0634765625,,0.0
9700051,8,1,1024,32,projection_view,none,graph_pre_plus_attention,baseline,0.21045760065317154,1.0,23.064453125,44.0,0.0
9700051,8,1,1024,32,projection_view,none,graph_pre_plus_attention,coalesced,0.18846719712018967,1.116680270460849,23.064453125,44.0,0.0
9700051,8,1,1024,32,contiguous,none,pre_attention,baseline,0.1594879925251007,1.0,16.0,,0
9700051,8,1,1024,32,contiguous,none,pre_attention,coalesced,0.14399999380111694,1.1075555513243616,18.0,,0.0
9700051,8,1,1024,32,contiguous,none,pre_plus_attention,baseline,0.25937920063734055,1.0,23.0634765625,,0
9700051,8,1,1024,32,contiguous,none,pre_plus_attention,coalesced,0.19118080288171768,1.3567219968095687,23.0634765625,,0.0
9700051,8,1,1024,32,contiguous,none,graph_pre_plus_attention,coalesced,0.18291200697422028,1.0564030990751376,23.064453125,42.0,0.0
9700051,8,1,1024,32,contiguous,none,graph_pre_plus_attention,baseline,0.1932288110256195,1.0,23.064453125,42.0,0.0
9700051,8,1,4096,4,projection_view,none,pre_attention,baseline,0.13521919399499893,1.0,8.5,,0
9700051,8,1,4096,4,projection_view,none,pre_attention,coalesced,0.0928511954843998,1.4562999785793551,9.0,,0.0
9700051,8,1,4096,4,projection_view,none,pre_plus_attention,baseline,0.4109823852777481,1.0,12.0634765625,,0
9700051,8,1,4096,4,projection_view,none,pre_plus_attention,coalesced,0.3777792155742645,1.087890408827842,12.0634765625,,0.0
9700051,8,1,4096,4,projection_view,none,graph_pre_plus_attention,baseline,0.4085248112678528,1.0,12.064453125,24.0,0.0
9700051,8,1,4096,4,projection_view,none,graph_pre_plus_attention,coalesced,0.37527039647102356,1.088614543298773,12.064453125,24.0,0.0
9700051,8,1,4096,4,contiguous,none,pre_attention,baseline,0.10639360174536705,1.0,9.0,,0
9700051,8,1,4096,4,contiguous,none,pre_attention,coalesced,0.08473600074648857,1.2555891334035607,9.0,,0.0
9700051,8,1,4096,4,contiguous,none,pre_plus_attention,baseline,0.40151040256023407,1.0,13.0634765625,,0
9700051,8,1,4096,4,contiguous,none,pre_plus_attention,coalesced,0.3731199949979782,1.0760892151127137,13.0634765625,,0.0
9700051,8,1,4096,4,contiguous,none,graph_pre_plus_attention,coalesced,0.3734271973371506,1.0640296245751493,12.064453125,22.0,0.0
9700051,8,1,4096,4,contiguous,none,graph_pre_plus_attention,baseline,0.3973376005887985,1.0,12.064453125,22.0,0.0
9700051,8,1,4096,32,projection_view,none,pre_attention,baseline,0.4580352157354355,1.0,68.0,,0
9700051,8,1,4096,32,projection_view,none,pre_attention,coalesced,0.37196800112724304,1.2313833833753633,72.0,,0.0
9700051,8,1,4096,32,projection_view,none,pre_plus_attention,baseline,0.750131219625473,1.0,68.0634765625,,0
9700051,8,1,4096,32,projection_view,none,pre_plus_attention,coalesced,0.6583808064460754,1.1393576669931558,72.0,,0.0
9700051,8,1,4096,32,projection_view,none,graph_pre_plus_attention,baseline,0.7485952079296112,1.0,68.064453125,88.0,0.0
9700051,8,1,4096,32,projection_view,none,graph_pre_plus_attention,coalesced,0.6575616002082825,1.1384411858790018,72.0009765625,88.0,0.0
9700051,8,1,4096,32,contiguous,none,pre_attention,baseline,0.4386303871870041,1.0,64.0,,0
9700051,8,1,4096,32,contiguous,none,pre_attention,coalesced,0.3524352014064789,1.2445703080638433,72.0,,0.0
9700051,8,1,4096,32,contiguous,none,pre_plus_attention,baseline,0.7268096208572388,1.0,68.0634765625,,0
9700051,8,1,4096,32,contiguous,none,pre_plus_attention,coalesced,0.6342656016349792,1.14590735960409,72.0,,0.0
9700051,8,1,4096,32,contiguous,none,graph_pre_plus_attention,coalesced,0.6327807903289795,1.1437414165010409,72.0009765625,88.0,0.0
9700051,8,1,4096,32,contiguous,none,graph_pre_plus_attention,baseline,0.7237375974655151,1.0,68.064453125,88.0,0.0
9700051,8,1,16384,4,projection_view,none,pre_attention,baseline,0.290611207485199,1.0,34.0,,0
9700051,8,1,16384,4,projection_view,none,pre_attention,coalesced,0.23871999979019165,1.21737268658099,36.0,,0.0
9700051,8,1,16384,4,projection_view,none,pre_plus_attention,baseline,3.0676735639572144,1.0,48.2509765625,,0
9700051,8,1,16384,4,projection_view,none,pre_plus_attention,coalesced,2.9976831674575806,1.0233481634281567,48.2509765625,,0.0
9700051,8,1,16384,4,projection_view,none,graph_pre_plus_attention,baseline,3.0562047958374023,1.0,48.251953125,56.0,0.0
9700051,8,1,16384,4,projection_view,none,graph_pre_plus_attention,coalesced,3.000320076942444,1.0186262523536853,48.251953125,56.0,0.0
9700051,8,1,16384,4,contiguous,none,pre_attention,baseline,0.280652791261673,1.0,32.0,,0
9700051,8,1,16384,4,contiguous,none,pre_attention,coalesced,0.2267904058098793,1.2374985187730871,36.0,,0.0
9700051,8,1,16384,4,contiguous,none,pre_plus_attention,baseline,3.060351848602295,1.0,48.2509765625,,0
9700051,8,1,16384,4,contiguous,none,pre_plus_attention,coalesced,2.987724781036377,1.0243084865202092,48.2509765625,,0.0
9700051,8,1,16384,4,contiguous,none,graph_pre_plus_attention,coalesced,2.9854719638824463,1.0245412525514141,48.251953125,56.0,0.0
9700051,8,1,16384,4,contiguous,none,graph_pre_plus_attention,baseline,3.058739185333252,1.0,48.251953125,52.0,0.0
9700051,8,1,16384,32,projection_view,none,pre_attention,baseline,1.4243071675300598,1.0,272.0,,0
9700051,8,1,16384,32,projection_view,none,pre_attention,coalesced,1.3467648029327393,1.05757676799131,288.0,,0.0
9700051,8,1,16384,32,projection_view,none,pre_plus_attention,baseline,4.123340845108032,1.0,272.2509765625,,0
9700051,8,1,16384,32,projection_view,none,pre_plus_attention,coalesced,4.048563241958618,1.0184701580981697,288.0,,0.0
9700051,8,1,16384,32,projection_view,none,graph_pre_plus_attention,baseline,4.126336097717285,1.0,272.251953125,276.0,0.0
9700051,8,1,16384,32,projection_view,none,graph_pre_plus_attention,coalesced,4.050995111465454,1.0185981429695126,288.0009765625,292.0,0.0
9700051,8,1,16384,32,contiguous,none,pre_attention,baseline,1.3431040048599243,1.0,256.0,,0
9700051,8,1,16384,32,contiguous,none,pre_attention,coalesced,1.2904191613197327,1.0408276977895383,288.0,,0.0
9700051,8,1,16384,32,contiguous,none,pre_plus_attention,baseline,4.046131134033203,1.0,272.2509765625,,0
9700051,8,1,16384,32,contiguous,none,pre_plus_attention,coalesced,3.9660032987594604,1.0202036733804045,288.0,,0.0
9700051,8,1,16384,32,contiguous,none,graph_pre_plus_attention,coalesced,3.970943808555603,1.018850554616234,288.0009765625,292.0,0.0
9700051,8,1,16384,32,contiguous,none,graph_pre_plus_attention,baseline,4.045798301696777,1.0,272.251953125,276.0,0.0
9700051,8,2,1024,4,projection_view,none,pre_attention,baseline,0.16038399934768677,1.0,6.0,,0
9700051,8,2,1024,4,projection_view,none,pre_attention,coalesced,0.09687040373682976,1.6556553205188034,4.5,,0.0
9700051,8,2,1024,4,projection_view,none,pre_plus_attention,baseline,0.24481280893087387,1.0,18.1259765625,,0
9700051,8,2,1024,4,projection_view,none,pre_plus_attention,coalesced,0.15912960469722748,1.5384491741601067,18.1259765625,,0.0
9700051,8,2,1024,4,projection_view,none,graph_pre_plus_attention,baseline,0.15388159453868866,1.0,18.126953125,24.0,0.0
9700051,8,2,1024,4,projection_view,none,graph_pre_plus_attention,coalesced,0.12613120302557945,1.2200121052320527,18.126953125,24.0,0.0
9700051,8,2,1024,4,contiguous,none,pre_attention,baseline,0.1388287991285324,1.0,6.0,,0
9700051,8,2,1024,4,contiguous,none,pre_attention,coalesced,0.07562239840626717,1.835815870090508,4.5,,0.0
9700051,8,2,1024,4,contiguous,none,pre_plus_attention,baseline,0.27294719219207764,1.0,18.1259765625,,0
9700051,8,2,1024,4,contiguous,none,pre_plus_attention,coalesced,0.2191872000694275,1.2452697607598513,18.1259765625,,0.0
9700051,8,2,1024,4,contiguous,none,graph_pre_plus_attention,coalesced,0.12290560081601143,1.2059987110294879,18.126953125,22.0,0.0
9700051,8,2,1024,4,contiguous,none,graph_pre_plus_attention,baseline,0.14822399616241455,1.0,18.126953125,22.0,0.0
9700051,8,2,1024,32,projection_view,none,pre_attention,baseline,0.4120064079761505,1.0,48.0,,0
9700051,8,2,1024,32,projection_view,none,pre_attention,coalesced,0.2380799949169159,1.7305377048581116,36.0,,0.0
9700051,8,2,1024,32,projection_view,none,pre_plus_attention,baseline,0.4571136087179184,1.0,48.0,,0
9700051,8,2,1024,32,projection_view,none,pre_plus_attention,coalesced,0.3085823953151703,1.481334047754234,46.1259765625,,0.0
9700051,8,2,1024,32,projection_view,none,graph_pre_plus_attention,baseline,0.4527359902858734,1.0,48.0009765625,56.0,0.0
9700051,8,2,1024,32,projection_view,none,graph_pre_plus_attention,coalesced,0.3074816018342972,1.472400259349027,46.126953125,56.0,0.0
9700051,8,2,1024,32,contiguous,none,pre_attention,baseline,0.36994560062885284,1.0,48.0,,0
9700051,8,2,1024,32,contiguous,none,pre_attention,coalesced,0.23777280747890472,1.5558785066777434,36.0,,0.0
9700051,8,2,1024,32,contiguous,none,pre_plus_attention,baseline,0.4363007992506027,1.0,48.0,,0
9700051,8,2,1024,32,contiguous,none,pre_plus_attention,coalesced,0.3072512000799179,1.4200133283030896,46.1259765625,,0.0
9700051,8,2,1024,32,contiguous,none,graph_pre_plus_attention,coalesced,0.30922240018844604,1.3945691033215617,46.126953125,56.0,0.0
9700051,8,2,1024,32,contiguous,none,graph_pre_plus_attention,baseline,0.4312320053577423,1.0,48.0009765625,52.0,0.0
9700051,8,2,4096,4,projection_view,none,pre_attention,baseline,0.21347839385271072,1.0,24.0,,0
9700051,8,2,4096,4,projection_view,none,pre_attention,coalesced,0.15531519800424576,1.3744848964933554,18.0,,0.0
9700051,8,2,4096,4,projection_view,none,pre_plus_attention,baseline,0.6540544033050537,1.0,24.1259765625,,0
9700051,8,2,4096,4,projection_view,none,pre_plus_attention,coalesced,0.5972480177879333,1.0951135605732405,24.1259765625,,0.0
9700051,8,2,4096,4,projection_view,none,graph_pre_plus_attention,baseline,0.6432256102561951,1.0,24.126953125,44.0,0.0
9700051,8,2,4096,4,projection_view,none,graph_pre_plus_attention,coalesced,0.5942271947860718,1.082457376404261,24.126953125,44.0,0.0
9700051,8,2,4096,4,contiguous,none,pre_attention,baseline,0.20049919933080673,1.0,24.0,,0
9700051,8,2,4096,4,contiguous,none,pre_attention,coalesced,0.1544191986322403,1.298408495230629,18.0,,0.0
9700051,8,2,4096,4,contiguous,none,pre_plus_attention,baseline,0.6363392174243927,1.0,24.1259765625,,0
9700051,8,2,4096,4,contiguous,none,pre_plus_attention,coalesced,0.5959680080413818,1.0677405646583091,24.1259765625,,0.0
9700051,8,2,4096,4,contiguous,none,graph_pre_plus_attention,coalesced,0.5964032113552094,1.0561874689904358,24.126953125,44.0,0.0
9700051,8,2,4096,4,contiguous,none,graph_pre_plus_attention,baseline,0.6299135982990265,1.0,24.126953125,44.0,0.0
9700051,8,2,4096,32,projection_view,none,pre_attention,baseline,1.0166528224945068,1.0,192.0,,0
9700051,8,2,4096,32,projection_view,none,pre_attention,coalesced,0.7359744012355804,1.3813698150203504,144.0,,0.0
9700051,8,2,4096,32,projection_view,none,pre_plus_attention,baseline,1.4539775848388672,1.0,192.0,,0
9700051,8,2,4096,32,projection_view,none,pre_plus_attention,coalesced,1.1718655824661255,1.2407375099958586,144.0,,0.0
9700051,8,2,4096,32,projection_view,none,graph_pre_plus_attention,baseline,1.4504448175430298,1.0,192.0009765625,216.0,0.0
9700051,8,2,4096,32,projection_view,none,graph_pre_plus_attention,coalesced,1.1692799925804138,1.2404597929894705,144.0009765625,148.0,0.0
9700051,8,2,4096,32,contiguous,none,pre_attention,baseline,0.9747200012207031,1.0,192.0,,0
9700051,8,2,4096,32,contiguous,none,pre_attention,coalesced,0.7371520102024078,1.322278156649215,144.0,,0.0
9700051,8,2,4096,32,contiguous,none,pre_plus_attention,baseline,1.4117119908332825,1.0,192.0,,0
9700051,8,2,4096,32,contiguous,none,pre_plus_attention,coalesced,1.1701247692108154,1.2064627875413698,144.0,,0.0
9700051,8,2,4096,32,contiguous,none,graph_pre_plus_attention,coalesced,1.1694592237472534,1.2015892237976338,144.0009765625,148.0,0.0
9700051,8,2,4096,32,contiguous,none,graph_pre_plus_attention,baseline,1.4052096009254456,1.0,192.0009765625,196.0,0.0
9700051,8,2,16384,4,projection_view,none,pre_attention,baseline,0.6179328262805939,1.0,96.0,,0
9700051,8,2,16384,4,projection_view,none,pre_attention,coalesced,0.38118401169776917,1.6210879977057817,72.0,,0.0
9700051,8,2,16384,4,projection_view,none,pre_plus_attention,baseline,6.096307277679443,1.0,96.5009765625,,0
9700051,8,2,16384,4,projection_view,none,pre_plus_attention,coalesced,5.847987174987793,1.0424624909838605,96.5009765625,,0.0
9700051,8,2,16384,4,projection_view,none,graph_pre_plus_attention,baseline,6.102579355239868,1.0,96.501953125,120.0,0.0
9700051,8,2,16384,4,projection_view,none,graph_pre_plus_attention,coalesced,5.870259046554565,1.0395758188595883,96.501953125,120.0,0.0
9700051,8,2,16384,4,contiguous,none,pre_attention,baseline,0.5928960144519806,1.0,96.0,,0
9700051,8,2,16384,4,contiguous,none,pre_attention,coalesced,0.37432320415973663,1.5839146701655487,72.0,,0.0
9700051,8,2,16384,4,contiguous,none,pre_plus_attention,baseline,6.110028505325317,1.0,96.5009765625,,0
9700051,8,2,16384,4,contiguous,none,pre_plus_attention,coalesced,5.868006229400635,1.041244379515494,96.5009765625,,0.0
9700051,8,2,16384,4,contiguous,none,graph_pre_plus_attention,coalesced,5.867366075515747,1.0408736993903618,96.501953125,120.0,0.0
9700051,8,2,16384,4,contiguous,none,graph_pre_plus_attention,baseline,6.107187032699585,1.0,96.501953125,100.0,0.0
9700051,8,2,16384,32,projection_view,none,pre_attention,baseline,3.7645822763442993,1.0,768.0,,0
9700051,8,2,16384,32,projection_view,none,pre_attention,coalesced,2.5877503156661987,1.4547702896811872,576.0,,0.0
9700051,8,2,16384,32,projection_view,none,pre_plus_attention,baseline,9.073971271514893,1.0,768.0,,0
9700051,8,2,16384,32,projection_view,none,pre_plus_attention,coalesced,7.911628723144531,1.1469157096528135,576.0,,0.0
9700051,8,2,16384,32,projection_view,none,graph_pre_plus_attention,baseline,9.077580451965332,1.0,768.0009765625,804.0,0.0
9700051,8,2,16384,32,projection_view,none,graph_pre_plus_attention,coalesced,7.909734487533569,1.147646670855057,576.0009765625,580.0,0.0
9700051,8,2,16384,32,contiguous,none,pre_attention,baseline,3.616332769393921,1.0,768.0,,0
9700051,8,2,16384,32,contiguous,none,pre_attention,coalesced,2.593407988548279,1.3944326482229463,576.0,,0.0
9700051,8,2,16384,32,contiguous,none,pre_plus_attention,baseline,8.936243534088135,1.0,768.0,,0
9700051,8,2,16384,32,contiguous,none,pre_plus_attention,coalesced,7.912064075469971,1.1294452937752946,576.0,,0.0
9700051,8,2,16384,32,contiguous,none,graph_pre_plus_attention,coalesced,7.90945291519165,1.1278599171355237,576.0009765625,580.0,0.0
9700051,8,2,16384,32,contiguous,none,graph_pre_plus_attention,baseline,8.92075490951538,1.0,768.0009765625,772.0,0.0
9700051,8,1,4096,4,contiguous,front,pre_attention,baseline,0.14671359956264496,1.0,20.171875,,0
9700051,8,1,4096,4,contiguous,front,pre_attention,coalesced,0.1409280002117157,1.041053582980228,20.171875,,0.0
9700051,8,1,4096,4,contiguous,front,pre_plus_attention,baseline,0.4792320132255554,1.0,20.171875,,0
9700051,8,1,4096,4,contiguous,front,pre_plus_attention,coalesced,0.444979190826416,1.076976234181929,20.171875,,0.0
9700051,8,1,4096,4,contiguous,front,graph_pre_plus_attention,baseline,0.43937280774116516,1.0,20.1728515625,42.0,0.0
9700051,8,1,4096,4,contiguous,front,graph_pre_plus_attention,coalesced,0.44779519736766815,0.9811914248388249,20.1728515625,42.0,0.0
9700051,8,1,4096,4,contiguous,rear,pre_attention,baseline,0.146252803504467,1.0,20.171875,,0
9700051,8,1,4096,4,contiguous,rear,pre_attention,coalesced,0.1406719982624054,1.0396724672358129,20.171875,,0.0
9700051,8,1,4096,4,contiguous,rear,pre_plus_attention,baseline,0.48171520233154297,1.0,20.171875,,0
9700051,8,1,4096,4,contiguous,rear,pre_plus_attention,coalesced,0.4871423989534378,0.9888591166904083,20.171875,,0.0
9700051,8,1,4096,4,contiguous,rear,graph_pre_plus_attention,coalesced,0.4350208044052124,0.9964103277989071,20.1728515625,42.0,0.0
9700051,8,1,4096,4,contiguous,rear,graph_pre_plus_attention,baseline,0.43345922231674194,1.0,20.1728515625,42.0,0.0
