run,gpus,batch,seq,layout,arm,stage,all_gather_calls,expected_all_gather_calls,pre_attention_peak_allocated_increment_mib,pre_attention_retained_increment_mib,gpu_ms_mean,gpu_ms_median,gpu_ms_sample_std,gpu_ms_min,gpu_ms_max,wall_ms_mean,wall_ms_median,wall_ms_sample_std,wall_ms_min,wall_ms_max
9707225,4,2,4096,contiguous,baseline,eager_pre_attention,2,2,192.0,128.0,0.9934449937608507,0.9522858619689941,0.06757727234106947,0.9509205500284831,1.107797368367513,0.9947475660333617,0.9533645488166561,0.06812434438339561,0.9519210007662574,1.1104656344590087
9707225,4,2,4096,contiguous,baseline,eager_pre_plus_attention,2,2,192.0,128.0,1.648782221476237,1.648844846089681,0.0002673997996392952,1.6482986450195312,1.649083709716797,1.650014627699016,1.6500304996346435,0.0002058966041582488,1.6496868998122711,1.6502171017539997
9707225,4,2,4096,contiguous,baseline,graph_pre_plus_attention,2,2,192.0,128.0,1.6434517118665908,1.643673578898112,0.0014216752317176937,1.6409258524576822,1.645090103149414,1.64436207851395,1.6445681666179248,0.0014448216483621255,1.6417838012178738,1.645952567923814
9707225,4,2,4096,contiguous,layout_only,eager_pre_attention,2,2,144.0,128.0,0.7471729808383518,0.7331157366434733,0.03575047347987487,0.7308629353841146,0.8201215744018555,0.7482790937905924,0.7341282170576353,0.03576032482676204,0.7319082001534601,0.8212493305715421
9707225,4,2,4096,contiguous,layout_only,eager_pre_plus_attention,2,2,144.0,128.0,1.4254364437527127,1.4254933675130208,0.0006265991102624222,1.424520492553711,1.4262271881103517,1.4265218283981085,1.4265159998709958,0.0005398404440865648,1.4258609657796721,1.427225136042883
9707225,4,2,4096,contiguous,layout_only,graph_pre_plus_attention,2,2,144.0,128.0,1.4256924311319987,1.425544548034668,0.0008985741352379873,1.4248619079589844,1.4273535410563152,1.4267260396283947,1.4264821501759193,0.0010018772499857413,1.4257563355689247,1.4282075688242912
9707225,4,2,4096,contiguous,packing_only,eager_pre_attention,1,1,288.0,128.0,0.953582943810357,0.9351850827534993,0.046613790632015435,0.9328981399536133,1.0487125396728516,0.9546028120288005,0.9361938340589404,0.04667301756972692,0.9338720003142953,1.0498529338898759
9707225,4,2,4096,contiguous,packing_only,eager_pre_plus_attention,1,1,288.0,128.0,1.6233699374728734,1.623927434285482,0.0014084732895447618,1.6207188924153646,1.6245077768961589,1.6243908004576548,1.6249605667932578,0.00140408711836531,1.6217347350902855,1.625475431016336
9707225,4,2,4096,contiguous,packing_only,graph_pre_plus_attention,1,1,288.0,128.0,1.6235918045043944,1.6234495798746744,0.00200806666972058,1.6208895365397136,1.6264874776204428,1.6245486551067896,1.6245223329557725,0.0020293509888174464,1.6217495353582005,1.6273731326994796
9707225,4,2,4096,contiguous,head,eager_pre_attention,1,1,160.0,128.0,0.7270627551608615,0.711953067779541,0.035017473043437795,0.7118165334065755,0.7984469095865886,0.7282991440863245,0.7129377995928128,0.035573843323653244,0.7128095021471381,0.8008162646243969
9707225,4,2,4096,contiguous,head,eager_pre_plus_attention,1,1,160.0,128.0,1.4108159806993272,1.410167439778646,0.003822551372693992,1.4071467081705729,1.415884780883789,1.4118614037417703,1.4111852137527117,0.003827839614695681,1.4082817321953673,1.4169424655847251
9707225,4,2,4096,contiguous,head,graph_pre_plus_attention,1,1,160.0,128.0,1.410292625427246,1.4099797566731769,0.0015221204601231057,1.4087509155273437,1.412334950764974,1.4111624383885,1.410875217212985,0.0015205470820080682,1.4096377999521792,1.4131793985143304
9707225,4,2,4096,contiguous,head_contiguous,eager_pre_attention,1,1,256.0,128.0,1.05421937306722,1.0209280014038087,0.05774939177761694,1.0150911966959635,1.1508394877115886,1.0552258890432618,1.0219108681970588,0.057794467153781975,1.016058400273323,1.151918099882702
9707225,4,2,4096,contiguous,head_contiguous,eager_pre_plus_attention,1,1,256.0,128.0,1.71295288933648,1.7129472096761067,0.0008633954611966044,1.711957295735677,1.7141760508219401,1.7140004790336307,1.7139988679749272,0.0008911008509982169,1.712970668449998,1.7152712331153452
9707225,4,2,4096,contiguous,head_contiguous,graph_pre_plus_attention,1,1,256.0,128.0,1.7091640684339735,1.7091925303141275,0.0007216428279311674,1.7082708994547526,1.7100116729736328,1.7100252883715763,1.7100271497232218,0.0007354647456874646,1.709122098206232,1.7109055692950885
9707225,4,2,4096,projection_view,baseline,eager_pre_attention,2,2,192.0,128.0,1.0328412585788302,1.0325568199157715,0.0021856808259906914,1.030280558268229,1.0367562611897787,1.0338436889772613,1.033602631650865,0.002178969481288714,1.0312817331093054,1.0377251698325078
9707225,4,2,4096,projection_view,baseline,eager_pre_plus_attention,2,2,192.0,128.0,1.726841057671441,1.7268922805786133,0.0008004301245452386,1.7254656473795573,1.7277151743570964,1.7279039932570108,1.7279199654391655,0.0007926408320712976,1.7265209307273228,1.7287560661012928
9707225,4,2,4096,projection_view,baseline,graph_pre_plus_attention,2,2,192.0,128.0,1.7241152233547634,1.7241850535074872,0.000901898162495422,1.72313601175944,1.7253888448079426,1.7250216333195567,1.725112833082676,0.0008788433469300609,1.7240307992324233,1.7262732338470717
9707225,4,2,4096,projection_view,layout_only,eager_pre_attention,2,2,144.0,128.0,0.7525203598870172,0.7333893140157064,0.04719675935554413,0.7323914845784505,0.8488501230875651,0.7537207883110063,0.734524114523083,0.0473973523015063,0.7334457671580216,0.8504591998644173
9707225,4,2,4096,projection_view,layout_only,eager_pre_plus_attention,2,2,144.0,128.0,1.4292977650960286,1.429108238220215,0.0027555275352925245,1.4256266276041667,1.4329291025797526,1.4304691220685426,1.4302651320273678,0.00269504041825082,1.426737868071844,1.4340645012756188
9707225,4,2,4096,projection_view,layout_only,graph_pre_plus_attention,2,2,144.0,128.0,1.4286476135253907,1.4291978200276692,0.001425369887762923,1.4267626444498698,1.430136489868164,1.4295595264734908,1.4301338815130293,0.0014219549748597756,1.4276526325071852,1.431041401034842
9707225,4,2,4096,projection_view,packing_only,eager_pre_attention,1,1,288.0,128.0,1.0105432828267416,1.0110874493916828,0.0015321386296639715,1.00808957417806,1.012053362528483,1.011553111149826,1.012070100599279,0.0015556322592966173,1.0091029301596184,1.0131808657509584
9707225,4,2,4096,projection_view,packing_only,eager_pre_plus_attention,1,1,288.0,128.0,1.7065079159206815,1.7073408126831056,0.0021350404977368864,1.7027083079020182,1.7082229614257813,1.7075562894913472,1.7083950010904423,0.002148576930065566,1.703716298410048,1.7092990999420483
9707225,4,2,4096,projection_view,packing_only,graph_pre_plus_attention,1,1,288.0,128.0,1.7054675420125325,1.7056400299072265,0.001995518935594689,1.7024959564208983,1.7083775838216146,1.706395511670659,1.7065312170113127,0.002037086124996545,1.7034035331259172,1.7093788017518818
9707225,4,2,4096,projection_view,head,eager_pre_attention,1,1,160.0,128.0,0.7131740464104547,0.7132437388102213,0.000995383648761336,0.71189759572347,0.7144639968872071,0.7141807944410377,0.7142135000322014,0.000998809489825069,0.7129223668016493,0.715421000495553
9707225,4,2,4096,projection_view,head,eager_pre_plus_attention,1,1,160.0,128.0,1.4093406253390843,1.4086277643839518,0.0016385930016614384,1.4080608367919922,1.4123072306315103,1.410411194147956,1.4096614827091496,0.0016373894093817465,1.4092230354435742,1.4133712315621476
9707225,4,2,4096,projection_view,head,graph_pre_plus_attention,1,1,160.0,128.0,1.4100462171766492,1.409661356608073,0.002454085750895494,1.4073898315429687,1.414461898803711,1.4110701048694965,1.4105954828361669,0.0025549345352421354,1.4082419336773455,1.4156347994382183
9707225,4,2,4096,projection_view,head_contiguous,eager_pre_attention,1,1,256.0,128.0,1.0178938547770182,1.0170431772867838,0.002508458917939982,1.0160565058390298,1.0226805369059244,1.0189325555175957,1.018005869506548,0.002585707746268162,1.0170691646635532,1.023900997824967
9707225,4,2,4096,projection_view,head_contiguous,eager_pre_plus_attention,1,1,256.0,128.0,1.713488515218099,1.7137125015258787,0.002029604093093816,1.7098965962727866,1.715350341796875,1.7145536232015326,1.714787952369079,0.0020564649778822036,1.7109276998477678,1.7164162010885775
9707225,4,2,4096,projection_view,head_contiguous,graph_pre_plus_attention,1,1,256.0,128.0,1.7089985529581706,1.7087439854939779,0.0011725043574607296,1.7077471415201824,1.7110645294189453,1.7098996167381604,1.7095907339050123,0.001170136132166825,1.708656099314491,1.7119321002004046
9707225,4,2,16384,contiguous,baseline,eager_pre_attention,2,2,768.0,512.0,3.4214993794759114,3.4219280242919923,0.0022364118221210438,3.4184949239095053,3.424730682373047,3.4225151770644717,3.4229406000425415,0.00223190790948274,3.4194927002924183,3.425733399732659
9707225,4,2,16384,contiguous,baseline,eager_pre_plus_attention,2,2,768.0,512.0,13.761636861165364,13.755136617024739,0.01823400370535239,13.74531962076823,13.788427734375,13.762610572545478,13.756074449823547,0.018196795723607023,13.74647143529728,13.789354132798811
9707225,4,2,16384,contiguous,baseline,graph_pre_plus_attention,2,2,768.0,512.0,13.756216261121962,13.754313659667968,0.006066828672712709,13.750656127929688,13.766014607747396,13.75707864968313,13.755266050187249,0.006057645636658108,13.751454298229268,13.766818198685845
9707225,4,2,16384,contiguous,layout_only,eager_pre_attention,2,2,576.0,512.0,2.5524828592936197,2.5525578816731773,0.0014727216652509283,2.550976053873698,2.5549578348795574,2.5534911391635737,2.553542868311827,0.0015139711532099183,2.5519193965010345,2.5560642670219145
9707225,4,2,16384,contiguous,layout_only,eager_pre_plus_attention,2,2,576.0,512.0,12.922415161132813,12.924484761555991,0.011199885350541162,12.902286783854167,12.933339436848959,12.923380687263691,12.925415264908224,0.01112917136811873,12.903432497599473,12.934335864459475
9707225,4,2,16384,contiguous,layout_only,graph_pre_plus_attention,2,2,576.0,512.0,12.928762308756511,12.928140767415364,0.006232247065597165,12.92241719563802,12.93638407389323,12.92964981144501,12.92906548284615,0.006303355416741693,12.923235298755268,12.937417866972586
9707225,4,2,16384,contiguous,packing_only,eager_pre_attention,1,1,1152.0,512.0,3.5253298017713757,3.5221701304117836,0.008237293646742659,3.5192939758300783,3.5410390218098957,3.5263255012169896,3.523143417745208,0.008282684222416263,3.520313499029726,3.542148469326397
9707225,4,2,16384,contiguous,packing_only,eager_pre_plus_attention,1,1,1152.0,512.0,13.818536716037327,13.829070536295573,0.032633176424449455,13.761906941731771,13.847003173828124,13.819616722563902,13.830423034960404,0.032722620813717886,13.762848665161679,13.847970066126436
9707225,4,2,16384,contiguous,packing_only,graph_pre_plus_attention,1,1,1152.0,512.0,13.837612745496962,13.835167439778646,0.009996567032080813,13.824525960286458,13.850347900390625,13.838628166639763,13.836282747797668,0.009937017346672442,13.82550293346867,13.851192768197507
9707225,4,2,16384,contiguous,head,eager_pre_attention,1,1,640.0,512.0,2.6400192260742186,2.639888636271159,0.0020174186883990804,2.6371114095052084,2.643262990315755,2.641021776556348,2.640890716187035,0.0020073572286859786,2.6381270649532476,2.6442268979735672
9707225,4,2,16384,contiguous,head,eager_pre_plus_attention,1,1,640.0,512.0,13.02060343424479,13.018228658040364,0.02187855762548294,12.993649291992188,13.054728190104166,13.021635211124602,13.019149164513994,0.021835404588032018,12.994783402731022,13.05569406831637
9707225,4,2,16384,contiguous,head,graph_pre_plus_attention,1,1,640.0,512.0,13.026083034939235,13.025293477376302,0.015220158288600709,13.008111572265625,13.04528096516927,13.02700397791341,13.026092566239338,0.015161933888953587,13.009141699876636,13.04608533391729
9707225,4,2,16384,contiguous,head_contiguous,eager_pre_attention,1,1,1024.0,512.0,3.8165564643012155,3.8164581298828124,0.002494295117459748,3.813708750406901,3.820794677734375,3.8175138496121184,3.817414599082743,0.0024991060180591476,3.8146752670096853,3.8217553325618305
9707225,4,2,16384,contiguous,head_contiguous,eager_pre_plus_attention,1,1,1024.0,512.0,14.104373847113715,14.11172841389974,0.021263557497259698,14.065108235677084,14.123507690429687,14.10545761593514,14.112660116128003,0.021143646494212714,14.066544699016958,14.124657333983729
9707225,4,2,16384,contiguous,head_contiguous,graph_pre_plus_attention,1,1,1024.0,512.0,14.121651034884982,14.122705586751302,0.01437637941877145,14.098016357421875,14.139878336588541,14.12263323371816,14.123612017525982,0.01436232520215657,14.09902983577922,14.14090913021937
9707225,4,1,4096,contiguous,baseline,eager_pre_attention,2,2,64.0,64.0,0.35920853084988064,0.358458137512207,0.0019847042834697758,0.3579253196716309,0.3631882667541504,0.3601885724088384,0.3594202843184272,0.002007224390864624,0.35890029976144433,0.3642149657631914
9707225,4,1,4096,contiguous,baseline,eager_pre_plus_attention,2,2,64.0,64.0,0.7902496019999186,0.7906559944152832,0.000782112399291902,0.7887999852498372,0.7907946904500326,0.7912899218758361,0.7916873165716728,0.0008095625257206741,0.7897862660077711,0.7918873646607002
9707225,4,1,4096,contiguous,baseline,graph_pre_plus_attention,2,2,64.0,64.0,0.7883797433641222,0.7884597460428874,0.0008009403382331036,0.7869354883829752,0.7891509373982747,0.7892703048936609,0.7893558649811894,0.0007935533767869822,0.7878367362233499,0.7900318984563152
9707225,4,1,4096,contiguous,layout_only,eager_pre_attention,2,2,64.0,64.0,0.3787134223514133,0.3610783894856771,0.029439143871232115,0.35837974548339846,0.4169546763102214,0.3797079721051786,0.36206613294780254,0.029440633512267403,0.3593859340374668,0.4179621348157525
9707225,4,1,4096,contiguous,layout_only,eager_pre_plus_attention,2,2,64.0,64.0,0.7907423973083496,0.7907962481180827,0.0011745217443701792,0.7894826889038086,0.791922124226888,0.7917613774124119,0.7918189163319767,0.0011670335268278837,0.7905122668792804,0.7929403684101999
9707225,4,1,4096,contiguous,layout_only,graph_pre_plus_attention,2,2,64.0,64.0,0.7888944096035427,0.7887632052103679,0.000772043307707565,0.7881760279337565,0.7903392155965169,0.7897555168407658,0.78962846697929,0.0007674358306387844,0.789031731740882,0.7911971343370775
9707225,4,1,4096,contiguous,packing_only,eager_pre_attention,1,1,80.0,64.0,0.3549038198259142,0.3539935906728109,0.003269094076070042,0.35154345830281575,0.3596960067749023,0.35600739453608793,0.3551133345657339,0.003253870857730635,0.35256950262313086,0.3606831654906273
9707225,4,1,4096,contiguous,packing_only,eager_pre_plus_attention,1,1,80.0,64.0,0.7793009757995606,0.7792917251586915,0.0008039490569151166,0.7783349355061849,0.7805557250976562,0.7803609394209666,0.7803184678778052,0.0007541128223476026,0.7795035334614416,0.7815544338275989
9707225,4,1,4096,contiguous,packing_only,graph_pre_plus_attention,1,1,80.0,64.0,0.7781139585706922,0.7782037417093912,0.0015482568399691249,0.7760181427001953,0.7801685333251953,0.7790525709020181,0.7790807828617593,0.001516842298856694,0.7770228975762924,0.7811564990940193
9707225,4,1,4096,contiguous,head,eager_pre_attention,1,1,80.0,64.0,0.37847858005099827,0.3661450703938802,0.0326785863365176,0.35051307678222654,0.4195818583170573,0.37954706026034224,0.3672806332663943,0.03268761510032315,0.35151906389122206,0.42057106814657647
9707225,4,1,4096,contiguous,head,eager_pre_plus_attention,1,1,80.0,64.0,0.7790705786810981,0.778875192006429,0.0008824978397530577,0.7779093424479167,0.7802538553873698,0.7801233221673304,0.7798829833821704,0.0008510502307633791,0.7790569332428277,0.7813044008798897
9707225,4,1,4096,contiguous,head,graph_pre_plus_attention,1,1,80.0,64.0,0.777328544192844,0.7774192174275716,0.0009436327614725925,0.7758133570353191,0.7785418828328451,0.7782274391502142,0.7782791003895302,0.0009386612827738624,0.7766903688510259,0.7794179332753023
9707225,4,1,4096,contiguous,head_contiguous,eager_pre_attention,1,1,128.0,64.0,0.5006307548946805,0.49934345881144204,0.003382080112050996,0.4987722714742025,0.507479476928711,0.5016275332309306,0.5003225174732506,0.0034051384470859063,0.4997686327745517,0.5085254010433952
9707225,4,1,4096,contiguous,head_contiguous,eager_pre_plus_attention,1,1,128.0,64.0,0.9270341237386068,0.9268474896748861,0.0010116500664011541,0.9261258443196615,0.928394635518392,0.9281009765497098,0.9279516816604882,0.0009904782315519542,0.9271549992263317,0.9294169334073862
9707225,4,1,4096,contiguous,head_contiguous,graph_pre_plus_attention,1,1,128.0,64.0,0.9224812507629394,0.922377077738444,0.0006355165454607547,0.9215445200602214,0.9232842763264973,0.9233774339211069,0.923330249497667,0.0006250611200041369,0.9224196003439525,0.9241367030578355
9707226,8,2,4096,contiguous,baseline,eager_pre_attention,2,2,192.0,128.0,1.0994631237453885,0.9746773401896158,0.27448596960487853,0.9728341420491536,1.6567296346028646,1.1401676330327366,0.9757104669309532,0.37111957753352137,0.9739057995223751,1.8954735326891143
9707226,8,2,4096,contiguous,baseline,eager_pre_plus_attention,2,2,192.0,128.0,1.416664187113444,1.4119424184163412,0.012532178459530264,1.4104576110839844,1.4422016143798828,1.417750799899093,1.4130019165653116,0.012569247628571827,1.411583866380776,1.4433667995035648
9707226,8,2,4096,contiguous,baseline,graph_pre_plus_attention,2,2,192.0,128.0,1.4060032102796767,1.4058666865030924,0.0010502660752009173,1.404381815592448,1.4072149912516276,1.4076114945863891,1.4077499343936022,0.001115562025716109,1.4057427664132167,1.4087504668471713
9707226,8,2,4096,contiguous,layout_only,eager_pre_attention,2,2,136.0,128.0,0.7367850621541341,0.7161173184712728,0.05058066289496548,0.7153322855631511,0.8400213241577148,0.7380371890677553,0.7176305002455289,0.05052400115694201,0.7166446011979133,0.8411546994466335
9707226,8,2,4096,contiguous,layout_only,eager_pre_plus_attention,2,2,136.0,128.0,1.1478755315144857,1.1474431991577148,0.0013373207362752854,1.146572748819987,1.1498154958089193,1.148969128068226,1.1486113168454417,0.0013582931854529113,1.147605568015327,1.1509166002118338
9707226,8,2,4096,contiguous,layout_only,graph_pre_plus_attention,2,2,136.0,128.0,1.1467662387424045,1.146214421590169,0.0015348246723340129,1.1458901723225912,1.149883778889974,1.1487434226890199,1.1481708177598193,0.0015144809767357061,1.1478828343873222,1.1518167001971353
9707226,8,2,4096,contiguous,packing_only,eager_pre_attention,1,1,272.0,128.0,1.004214053683811,0.9919829368591309,0.02999468683345649,0.9915733337402344,1.0654378890991212,1.0052242332474433,0.9929536667186767,0.030044475409535542,0.9925754993067434,1.0665493997900437
9707226,8,2,4096,contiguous,packing_only,eager_pre_plus_attention,1,1,272.0,128.0,1.41947447458903,1.4196223576863607,0.0007448252727769576,1.41844482421875,1.4204245249430338,1.420553966373619,1.4206833332233753,0.0007775804364261381,1.4194631328185399,1.421562465839088
9707226,8,2,4096,contiguous,packing_only,graph_pre_plus_attention,1,1,272.0,128.0,1.4173525280422634,1.4171818415323894,0.0006140268899108601,1.4167381286621095,1.4182058970133464,1.4188416780800455,1.4188807341270149,0.0007626664837034368,1.4176775992382318,1.419969933340326
9707226,8,2,4096,contiguous,head,eager_pre_attention,1,1,144.0,128.0,0.7465187496609158,0.7359999974568685,0.016614969097217464,0.7355733235677083,0.7681706746419271,0.7475175112227185,0.7369626332850505,0.016644297595609186,0.7365772326011211,0.7691530336160213
9707226,8,2,4096,contiguous,head,eager_pre_plus_attention,1,1,144.0,128.0,1.175113974677192,1.170090675354004,0.012504279972399156,1.1692373911539713,1.2006059010823569,1.17617885569214,1.1711292997157823,0.012564732920453282,1.1703071339676778,1.201796067956214
9707226,8,2,4096,contiguous,head,graph_pre_plus_attention,1,1,144.0,128.0,1.1721842024061415,1.17215576171875,0.00034921801557263074,1.1717973073323569,1.1726165771484376,1.1739707720052037,1.1739719668791317,0.0004253469790096478,1.1733872330902766,1.1746580654289573
9707226,8,2,4096,contiguous,head_contiguous,eager_pre_attention,1,1,256.0,128.0,1.0574847963121201,1.0387285232543944,0.03075968926005137,1.0371072133382162,1.107080586751302,1.0586430502977844,1.0396760830190033,0.030680301347315423,1.0389126002943765,1.1081644663742434
9707226,8,2,4096,contiguous,head_contiguous,eager_pre_plus_attention,1,1,256.0,128.0,1.4714140362209744,1.4715562820434571,0.0011025415060492102,1.4701226552327473,1.4731263478597005,1.4726554059759818,1.472748816983464,0.0012282241562283243,1.47117036782826,1.4742220325085025
9707226,8,2,4096,contiguous,head_contiguous,graph_pre_plus_attention,1,1,256.0,128.0,1.469616338941786,1.4697301228841146,0.0004627328830636482,1.4690303802490234,1.4702592213948569,1.4706134223767247,1.4707459165947512,0.0005505497302418645,1.4698918326757848,1.4711723662912846
9707226,8,2,4096,projection_view,baseline,eager_pre_attention,2,2,192.0,128.0,1.0156942261589899,1.0155690828959147,0.0010511070931308118,1.0146133422851562,1.0172757466634115,1.0166835560489238,1.0165405003742005,0.0010843481518523059,1.0155247349757701,1.0183050665849198
9707226,8,2,4096,projection_view,baseline,eager_pre_plus_attention,2,2,192.0,128.0,1.45268620385064,1.4525439580281576,0.0012664251288186075,1.4514517466227213,1.4543530782063803,1.4537902610350608,1.4535592830119035,0.0013716782623675442,1.4524571675186355,1.4557903671326737
9707226,8,2,4096,projection_view,baseline,graph_pre_plus_attention,2,2,192.0,128.0,1.4486698786417642,1.4483968098958333,0.0007591592928869699,1.4481749216715494,1.4501546223958333,1.4506467391685065,1.4503938010117658,0.0007063549916245563,1.4501306674598406,1.4519814654098202
9707226,8,2,4096,projection_view,layout_only,eager_pre_attention,2,2,136.0,128.0,0.717539554172092,0.717687447865804,0.0004347982387578516,0.7169365564982096,0.7179264068603516,0.7185586062001271,0.7186678674770519,0.00038900057795321385,0.7179866331474235,0.7189328665845096
9707226,8,2,4096,projection_view,layout_only,eager_pre_plus_attention,2,2,136.0,128.0,1.1509816699557835,1.1496959686279298,0.0036044233479373745,1.147869873046875,1.15688107808431,1.1520167224160913,1.1507263009358817,0.00364052190963741,1.148881666207065,1.158007434181248
9707226,8,2,4096,projection_view,layout_only,graph_pre_plus_attention,2,2,136.0,128.0,1.1483761469523113,1.1485695521036785,0.000782069385631355,1.1471871693929037,1.1493034362792969,1.150096177459798,1.149962400086224,0.0008679695673049759,1.1490065332812567,1.1513774651878823
9707226,8,2,4096,projection_view,packing_only,eager_pre_attention,1,1,272.0,128.0,1.0325617896185981,1.032311471303304,0.0005676432842304745,1.032089614868164,1.0333183924357097,1.03373029430966,1.033323733524109,0.0009300863927064524,1.0329970663102965,1.0354180665065844
9707226,8,2,4096,projection_view,packing_only,eager_pre_plus_attention,1,1,272.0,128.0,1.4667207294040256,1.4650197347005207,0.004480767982370229,1.464081064860026,1.4757205963134765,1.4677945556791707,1.4661397154365357,0.0044523908045542284,1.4650667338476826,1.4767492345223825
9707226,8,2,4096,projection_view,packing_only,graph_pre_plus_attention,1,1,272.0,128.0,1.4644280751546224,1.4647808074951172,0.0008563094871735625,1.4627498626708983,1.4651050567626953,1.4661524722921766,1.4662912173662335,0.000773089601990538,1.464733766624704,1.4668571335884433
9707226,8,2,4096,projection_view,head,eager_pre_attention,1,1,144.0,128.0,0.7370581309000651,0.7362730662027994,0.002178422777948457,0.735812250773112,0.7414442698160807,0.7380490000489064,0.7372370833763853,0.002189498592948494,0.7368003328641256,0.7424660337467989
9707226,8,2,4096,projection_view,head,eager_pre_plus_attention,1,1,144.0,128.0,1.1706254323323568,1.1705685297648112,0.001034797183451369,1.169100824991862,1.1720021565755208,1.1716537274575483,1.171625332790427,0.0010181287068255285,1.1701398315684248,1.1730043663798522
9707226,8,2,4096,projection_view,head,graph_pre_plus_attention,1,1,144.0,128.0,1.1687822129991319,1.1688959757486979,0.0006926757535995347,1.1675989786783854,1.169544474283854,1.1701610107492242,1.1702173156663775,0.00048819551047974227,1.1694026315429558,1.170722800695027
9707226,8,2,4096,projection_view,head_contiguous,eager_pre_attention,1,1,256.0,128.0,1.03813689549764,1.0380288124084474,0.0007476337560332955,1.0373461405436197,1.039359982808431,1.0391093560934275,1.038993100519292,0.0007434638583705851,1.038327265996486,1.040312434391429
9707226,8,2,4096,projection_view,head_contiguous,eager_pre_plus_attention,1,1,256.0,128.0,1.4733937793307834,1.4722389856974285,0.004122044823210635,1.4704639434814453,1.4816596984863282,1.4744808331468247,1.4732609173127762,0.004246547314239071,1.4714584336616099,1.4829941986439128
9707226,8,2,4096,projection_view,head_contiguous,graph_pre_plus_attention,1,1,256.0,128.0,1.4676366382175021,1.4674773534138996,0.0006637481426547842,1.4668800354003906,1.4687231699625651,1.4691807940835133,1.4690374994340043,0.00044002555369550067,1.468851399840787,1.470051733000825
9707226,8,2,16384,contiguous,baseline,eager_pre_attention,2,2,768.0,512.0,3.6174904293484156,3.617689514160156,0.0016894048343390337,3.614515177408854,3.6195668538411456,3.6184596942297906,3.618674716562964,0.0016650598184344717,3.6155102987928935,3.6205088001831123
9707226,8,2,16384,contiguous,baseline,eager_pre_plus_attention,2,2,768.0,512.0,8.93326212565104,8.934041341145834,0.007043192370176944,8.922043863932291,8.942592366536458,8.934453900049752,8.935036567466645,0.006791818954093165,8.923646200370664,8.94359519976812
9707226,8,2,16384,contiguous,baseline,graph_pre_plus_attention,2,2,768.0,512.0,8.922936842176648,8.923494466145833,0.004312691978000615,8.91658223470052,8.927641805013021,8.924689961066987,8.925437967021328,0.004653079198273041,8.917410400075218,8.929513000960773
9707226,8,2,16384,contiguous,layout_only,eager_pre_attention,2,2,544.0,512.0,2.6027576870388454,2.6021376291910805,0.0018375958179294904,2.6010281880696615,2.605704498291016,2.603838155240131,2.603081549750641,0.0017454191669631755,2.6022540657625846,2.6066585657342025
9707226,8,2,16384,contiguous,layout_only,eager_pre_plus_attention,2,2,544.0,512.0,7.905962710910373,7.903743998209635,0.004393569999122672,7.9028564453125,7.9137110392252605,7.906987600209606,7.9047548507029815,0.004462032347931784,7.903896865900606,7.914940766446914
9707226,8,2,16384,contiguous,layout_only,graph_pre_plus_attention,2,2,544.0,512.0,7.903988562689888,7.9029075622558596,0.004887099528966037,7.899853006998698,7.912311299641927,7.905341149954539,7.904289233071419,0.004698158540650249,7.901463100764279,7.913190498948097
9707226,8,2,16384,contiguous,packing_only,eager_pre_attention,1,1,1088.0,512.0,3.6124386681450735,3.6119721730550127,0.001399959940685775,3.6112383524576823,3.6151636759440104,3.6134328722255304,3.613004299889629,0.001405530900028099,3.612244901402543,3.6161762002545097
9707226,8,2,16384,contiguous,packing_only,eager_pre_plus_attention,1,1,1088.0,512.0,8.926423984103733,8.924995930989585,0.007578194204340761,8.917503865559896,8.940031941731771,8.927378471707925,8.925907482625917,0.007603486748281805,8.918400599698847,8.941041499686738
9707226,8,2,16384,contiguous,packing_only,graph_pre_plus_attention,1,1,1088.0,512.0,8.926014539930556,8.926481119791667,0.0031376635522617057,8.921633911132812,8.929143269856771,8.927335833302802,8.927849816973321,0.0031960911766506076,8.922462966681147,8.93017000053078
9707226,8,2,16384,contiguous,head,eager_pre_attention,1,1,576.0,512.0,2.592585966322157,2.5922218322753907,0.001433229964654973,2.591095479329427,2.594713592529297,2.593536610947922,2.5931917829439044,0.0014220679912833175,2.5920480334510407,2.595641698765879
9707226,8,2,16384,contiguous,head,eager_pre_plus_attention,1,1,576.0,512.0,7.908858320448134,7.9086250305175785,0.002242369107067357,7.905587259928385,7.912345377604167,7.90991436127418,7.909908216485443,0.002215782161052107,7.906542799901217,7.913243799703196
9707226,8,2,16384,contiguous,head,graph_pre_plus_attention,1,1,576.0,512.0,7.910798136393229,7.909751383463542,0.0025909579391022184,7.908863830566406,7.915485636393229,7.911970299836765,7.911426150045978,0.002600201226231871,7.909744265877332,7.916540865941594
9707226,8,2,16384,contiguous,head_contiguous,eager_pre_attention,1,1,1024.0,512.0,3.7637176513671875,3.76355832417806,0.002077297199637149,3.7609130859375,3.767364247639974,3.7647228713871703,3.7646095152013004,0.002104631636685161,3.761856500447417,3.7683898000977933
9707226,8,2,16384,contiguous,head_contiguous,eager_pre_plus_attention,1,1,1024.0,512.0,9.08365953233507,9.083119201660157,0.00304472888904717,9.080592854817708,9.088580322265624,9.084639999976693,9.084020066075027,0.0030201109739704133,9.081709800132861,9.089528734330088
9707226,8,2,16384,contiguous,head_contiguous,graph_pre_plus_attention,1,1,1024.0,512.0,9.07842559814453,9.077196756998699,0.003599477453442688,9.07468770345052,9.083357747395834,9.079424905616584,9.077996650982339,0.0039201034651655834,9.07551376731135,9.085294565496346
9707226,8,1,4096,contiguous,baseline,eager_pre_attention,2,2,64.0,64.0,0.4364913781483968,0.43654826482137044,0.00023392439495370686,0.4361215909322103,0.4367018699645996,0.4374686386048173,0.43752518346688396,0.00021533434736938979,0.437113200314343,0.43766146603350836
9707226,8,1,4096,contiguous,baseline,eager_pre_plus_attention,2,2,64.0,64.0,0.7326207902696398,0.7260842641194661,0.01586507327118504,0.7250261306762695,0.7649279912312825,0.7336528557870123,0.7270988668703163,0.01586752093108501,0.7260727657315632,0.7659655995666981
9707226,8,1,4096,contiguous,baseline,graph_pre_plus_attention,2,2,64.0,64.0,0.7236607869466146,0.7229951858520508,0.0018747795198729208,0.7223637262980144,0.7273130416870117,0.7257153833052143,0.7251468496785188,0.0018873874285787375,0.7243331676969925,0.7293916676038256
9707226,8,1,4096,contiguous,layout_only,eager_pre_attention,2,2,64.0,64.0,0.4363946596781413,0.4363775889078776,0.00019548858236178454,0.4361215909322103,0.4367018699645996,0.4400922499674683,0.4374179329412679,0.006593214692412403,0.43715163483284414,0.4535445652436465
9707226,8,1,4096,contiguous,layout_only,eager_pre_plus_attention,2,2,64.0,64.0,0.7318527963426378,0.7273130734761557,0.012532362671011172,0.7249919891357421,0.7573504130045573,0.7328629335259191,0.7283487493017067,0.012546284975398253,0.7259921675237516,0.7583888674465319
9707226,8,1,4096,contiguous,layout_only,graph_pre_plus_attention,2,2,64.0,64.0,0.725742933485243,0.7255551973978678,0.0004898992603432305,0.7252650578816732,0.7265279769897461,0.7276321331220161,0.7275442321163913,0.0002737238664141248,0.7273470672468344,0.7280240669691315
9707226,8,1,4096,contiguous,packing_only,eager_pre_attention,1,1,72.0,64.0,0.34998044437832304,0.3501226743062337,0.0005061279191694617,0.3490133285522461,0.3504810651143392,0.3509812661731202,0.3511164667240033,0.0005246748752871872,0.34998006691845757,0.3515280317515135
9707226,8,1,4096,contiguous,packing_only,eager_pre_plus_attention,1,1,72.0,64.0,0.6313415103488498,0.6311594645182292,0.0006066431071999405,0.6308522542317708,0.6324906667073568,0.6323529614342583,0.632188066568536,0.0006077978455682434,0.6318626343272626,0.633511965861544
9707226,8,1,4096,contiguous,packing_only,graph_pre_plus_attention,1,1,72.0,64.0,0.6312106556362576,0.6309887886047363,0.0009170958852485927,0.6303402582804362,0.6329343795776368,0.6330729222908202,0.6327739169743533,0.000955634035043976,0.6323633327459296,0.6349614336310575
9707226,8,1,4096,contiguous,head,eager_pre_attention,1,1,72.0,64.0,0.3514936923980713,0.3501056035359701,0.003532865251502461,0.34973014195760094,0.3586730639139811,0.3525085834553465,0.35110991642189526,0.0035905486721525617,0.3506876334237556,0.3598029996889333
9707226,8,1,4096,contiguous,head,eager_pre_plus_attention,1,1,72.0,64.0,0.6312846183776856,0.631876277923584,0.0016438921935198149,0.6290090560913086,0.6331733067830404,0.6323271780274808,0.6328870998307441,0.0016237530461867464,0.6300845338652531,0.6342097670615962
9707226,8,1,4096,contiguous,head,graph_pre_plus_attention,1,1,72.0,64.0,0.6293674680921766,0.6296746571858725,0.0010252957062545263,0.6275754928588867,0.6303061167399089,0.6312505332365012,0.6313723337370902,0.001023594483490138,0.6295721667508284,0.632364566748341
9707226,8,1,4096,contiguous,head_contiguous,eager_pre_attention,1,1,128.0,64.0,0.4986311064826118,0.4983978589375814,0.0006673580606894652,0.49821014404296876,0.49995091756184895,0.4996784555260092,0.49947064932590973,0.0006525049396816601,0.49926410041128594,0.5009753668370346
9707226,8,1,4096,contiguous,head_contiguous,eager_pre_plus_attention,1,1,128.0,64.0,0.7844351980421278,0.7838378588358561,0.0017879841665870409,0.7829504013061523,0.7875242869059245,0.7854389000890983,0.7848414660353834,0.0017984213721325595,0.7839122670702636,0.7885375001933426
9707226,8,1,4096,contiguous,head_contiguous,graph_pre_plus_attention,1,1,128.0,64.0,0.7823815133836535,0.7819605509440104,0.0014341874328414733,0.7814485549926757,0.7852714538574219,0.7841550450797917,0.7836529674629371,0.0016380003959394493,0.7829774326334397,0.787439434013019
